{
  "d": {
    "__type": "ResultOfArrayOfRestaurantMenuFak_P0sVK:#YS.WebServices.Utility.Common",
    "ErrorCode": 200,
    "ErrorType": 1,
    "FriendlyNotification": "İşlem başarılı.",
    "Notification": "",
    "Success": true,
    "TotalPageCount": 2,
    "TotalRowCount": 15,
    "YsVersion": "YEMEKSEPETI",
    "ResultSet": [
      {
        "__type": "RestaurantMenu:#YS.WebServices.Service.DTO.Main",
        "CategoryDisplayName": "Coca-Cola Seçilmiş Menüleri",
        "CategoryName": "db282f26-f6c4-457f-a391-d31bef4d72fa",
        "Description": "...",
        "DisplayName": "Coca-Cola Seçilmiş Menüleri",
        "ExtendedPrice": 0,
        "IsOpen": "True",
        "IsTopSoldMenu": false,
        "Oid": 1799857,
        "Price": -1,
        "Products": [
          {
            "__type": "Product:#YS.WebServices.Service.DTO.Main",
            "AlternativeDisplayChannels": "",
            "BaseCatalogName": "",
            "Description": "Günün Çorbası + Beğendili Kebap + Coca-Cola (33 cl.)",
            "DisplayName": "Seçilmiş Menü (Kebap) ",
            "ExtendedPrice": "20,00",
            "HasPromotion": false,
            "ImagePath": "...",
            "IsSellAlone": true,
            "IsTakeAwayOnly": "False",
            "ListPrice": "23,00",
            "ProductGroup": "Kebap",
            "ProductId": "2ac4f5a2-54ae-4fb0-bd11-aeb100ef8ee2",
            "ProductIsOpen": "Acik",
            "ShowOnlyInThisApplication": ""
          }
        ]
      },
      {
        "__type": "RestaurantMenu:#YS.WebServices.Service.DTO.Main",
        "CategoryDisplayName": "Günlük Menüler",
        "CategoryName": "5b4ce1e6-4ada-4e6d-b36e-5d11882cb46b",
        "Description": "...",
        "DisplayName": "Günlük Menüler",
        "ExtendedPrice": 0,
        "IsOpen": "True",
        "IsTopSoldMenu": false,
        "Oid": 1594374,
        "Price": -1,
        "Products": [
          {
            "__type": "Product:#YS.WebServices.Service.DTO.Main",
            "AlternativeDisplayChannels": "",
            "BaseCatalogName": "",
            "Description": "Beşamel Soslu Tavuk + Pilav veya Bulgur Pilavı veya Çorba + Cacık veya Salata veya Yoğurt",
            "DisplayName": "Günün Menüsü 1",
            "ExtendedPrice": "10,00",
            "HasPromotion": false,
            "ImagePath": "...",
            "IsSellAlone": true,
            "IsTakeAwayOnly": "False",
            "ListPrice": "10,00",
            "ProductGroup": "Ev Yemeği",
            "ProductId": "095ee32e-3ae5-4935-a1e5-2e20356c679d",
            "ProductIsOpen": "Acik",
            "ShowOnlyInThisApplication": ""
          },
          {
            "__type": "Product:#YS.WebServices.Service.DTO.Main",
            "AlternativeDisplayChannels": "",
            "BaseCatalogName": "",
            "Description": "Tavuk Şnitzel + Mevsim Salata + Kutu İçecek",
            "DisplayName": "Günün Menüsü 3",
            "ExtendedPrice": "12,50",
            "HasPromotion": false,
            "ImagePath": "...",
            "IsSellAlone": true,
            "IsTakeAwayOnly": "False",
            "ListPrice": "12,50",
            "ProductGroup": "Ev Yemeği",
            "ProductId": "a582e854-df0b-4e85-959a-7d2d07a6d793",
            "ProductIsOpen": "Acik",
            "ShowOnlyInThisApplication": ""
          }
        ]
      },
      {
        "__type": "RestaurantMenu:#YS.WebServices.Service.DTO.Main",
        "CategoryDisplayName": "Kahvaltılıklar",
        "CategoryName": "6b2832e1-17ea-47be-86f7-cef42dc28fbc",
        "Description": "...",
        "DisplayName": "Kahvaltılıklar",
        "ExtendedPrice": 0,
        "IsOpen": "True",
        "IsTopSoldMenu": false,
        "Oid": 1734351,
        "Price": -1,
        "Products": [
          {
            "__type": "Product:#YS.WebServices.Service.DTO.Main",
            "AlternativeDisplayChannels": "",
            "BaseCatalogName": "cad9fdf5-dc9e-4acb-9c9b-570929012515",
            "Description": "Beyaz peynir, kaşar peyniri, tulum peyniri, domates, salatalık, sigara böreği, ev reçeli, bal, tereyağı, zeytin, jambon, yumurta",
            "DisplayName": "Kahvaltı Tabağı",
            "ExtendedPrice": "10,00",
            "HasPromotion": false,
            "ImagePath": "...",
            "IsSellAlone": true,
            "IsTakeAwayOnly": "False",
            "ListPrice": "10,00",
            "ProductGroup": "Kahvaltı",
            "ProductId": "9f43a8fd-295a-41e5-b50b-551e266bb1bc",
            "ProductIsOpen": "Acik",
            "ShowOnlyInThisApplication": ""
          },
          {
            "__type": "Product:#YS.WebServices.Service.DTO.Main",
            "AlternativeDisplayChannels": "",
            "BaseCatalogName": "cad9fdf5-dc9e-4acb-9c9b-570929012515",
            "Description": "Hellim, sucuk, mantar, jambon, biber",
            "DisplayName": "Karışık Omlet",
            "ExtendedPrice": "8,00",
            "HasPromotion": false,
            "ImagePath": "...",
            "IsSellAlone": true,
            "IsTakeAwayOnly": "False",
            "ListPrice": "8,00",
            "ProductGroup": "Kahvaltı",
            "ProductId": "2acd4e32-9d90-4282-82b2-384618888ba4",
            "ProductIsOpen": "Acik",
            "ShowOnlyInThisApplication": ""
          },
          {
            "__type": "Product:#YS.WebServices.Service.DTO.Main",
            "AlternativeDisplayChannels": "",
            "BaseCatalogName": "cad9fdf5-dc9e-4acb-9c9b-570929012515",
            "Description": "...",
            "DisplayName": "Menemen",
            "ExtendedPrice": "6,00",
            "HasPromotion": false,
            "ImagePath": "...",
            "IsSellAlone": true,
            "IsTakeAwayOnly": "False",
            "ListPrice": "6,00",
            "ProductGroup": "Kahvaltı",
            "ProductId": "9baac3b1-94e0-4829-af7a-a29a37f8e371",
            "ProductIsOpen": "Acik",
            "ShowOnlyInThisApplication": ""
          }
        ]
      },
      {
        "__type": "RestaurantMenu:#YS.WebServices.Service.DTO.Main",
        "CategoryDisplayName": "Atıştırmalıklar",
        "CategoryName": "614a8b36-d0c9-486c-b313-430922d2c03a",
        "Description": "...",
        "DisplayName": "Atıştırmalıklar",
        "ExtendedPrice": 0,
        "IsOpen": "True",
        "IsTopSoldMenu": false,
        "Oid": 1734353,
        "Price": -1,
        "Products": [
          {
            "__type": "Product:#YS.WebServices.Service.DTO.Main",
            "AlternativeDisplayChannels": "",
            "BaseCatalogName": "cad9fdf5-dc9e-4acb-9c9b-570929012515",
            "Description": "Sigara böreği, paçanga böreği, samosa",
            "DisplayName": "Börek Tabağı",
            "ExtendedPrice": "7,00",
            "HasPromotion": false,
            "ImagePath": "...",
            "IsSellAlone": true,
            "IsTakeAwayOnly": "False",
            "ListPrice": "7,00",
            "ProductGroup": "Börek",
            "ProductId": "205371e4-caf8-4963-9a48-9e58905db9c4",
            "ProductIsOpen": "Acik",
            "ShowOnlyInThisApplication": ""
          },
          {
            "__type": "Product:#YS.WebServices.Service.DTO.Main",
            "AlternativeDisplayChannels": "",
            "BaseCatalogName": "cad9fdf5-dc9e-4acb-9c9b-570929012515",
            "Description": "Coleslaw salata",
            "DisplayName": "Patates Kızartması",
            "ExtendedPrice": "3,50",
            "HasPromotion": false,
            "ImagePath": "...",
            "IsSellAlone": true,
            "IsTakeAwayOnly": "False",
            "ListPrice": "3,50",
            "ProductGroup": "Tamamlayıcı",
            "ProductId": "019334e2-20ff-4934-b252-6e6a4c9e0b84",
            "ProductIsOpen": "Acik",
            "ShowOnlyInThisApplication": ""
          },
          {
            "__type": "Product:#YS.WebServices.Service.DTO.Main",
            "AlternativeDisplayChannels": "",
            "BaseCatalogName": "cad9fdf5-dc9e-4acb-9c9b-570929012515",
            "Description": "Domates, roka, pesto sos",
            "DisplayName": "Izgara Hellim",
            "ExtendedPrice": "7,00",
            "HasPromotion": false,
            "ImagePath": "...",
            "IsSellAlone": true,
            "IsTakeAwayOnly": "False",
            "ListPrice": "7,00",
            "ProductGroup": "Tamamlayıcı",
            "ProductId": "ece72c14-b942-481e-bf08-5f0834ed2318",
            "ProductIsOpen": "Acik",
            "ShowOnlyInThisApplication": ""
          },
          {
            "__type": "Product:#YS.WebServices.Service.DTO.Main",
            "AlternativeDisplayChannels": "",
            "BaseCatalogName": "cad9fdf5-dc9e-4acb-9c9b-570929012515",
            "Description": "...",
            "DisplayName": "Zencefil Soslu Çıtır Tavuk",
            "ExtendedPrice": "11,00",
            "HasPromotion": false,
            "ImagePath": "...",
            "IsSellAlone": true,
            "IsTakeAwayOnly": "False",
            "ListPrice": "11,00",
            "ProductGroup": "Tamamlayıcı",
            "ProductId": "a12544fe-9c66-46a9-9179-3604e6eede68",
            "ProductIsOpen": "Acik",
            "ShowOnlyInThisApplication": ""
          },
          {
            "__type": "Product:#YS.WebServices.Service.DTO.Main",
            "AlternativeDisplayChannels": "",
            "BaseCatalogName": "cad9fdf5-dc9e-4acb-9c9b-570929012515",
            "Description": "Mozzarella sticks, sosis, çıtır tavuk, soğan halkası, sigara böreği",
            "DisplayName": "Atıştır Tabağı",
            "ExtendedPrice": "11,50",
            "HasPromotion": false,
            "ImagePath": "...",
            "IsSellAlone": true,
            "IsTakeAwayOnly": "False",
            "ListPrice": "11,50",
            "ProductGroup": "Tamamlayıcı",
            "ProductId": "e7ce5dd1-4d35-4df6-9c03-71add7d5c516",
            "ProductIsOpen": "Acik",
            "ShowOnlyInThisApplication": ""
          }
        ]
      },
      {
        "__type": "RestaurantMenu:#YS.WebServices.Service.DTO.Main",
        "CategoryDisplayName": "Sandviçler",
        "CategoryName": "bc39651f-498c-422f-bb5b-2d1b892e4d40",
        "Description": "...",
        "DisplayName": "Sandviçler",
        "ExtendedPrice": 0,
        "IsOpen": "True",
        "IsTopSoldMenu": false,
        "Oid": 1734354,
        "Price": -1,
        "Products": [
          {
            "__type": "Product:#YS.WebServices.Service.DTO.Main",
            "AlternativeDisplayChannels": "",
            "BaseCatalogName": "cad9fdf5-dc9e-4acb-9c9b-570929012515",
            "Description": "Izgara bonfile, domates, yeşillik, turşu, cheddar peyniri, ciabatta ekmeği",
            "DisplayName": "Beef Sandviç",
            "ExtendedPrice": "11,50",
            "HasPromotion": false,
            "ImagePath": "...",
            "IsSellAlone": true,
            "IsTakeAwayOnly": "False",
            "ListPrice": "11,50",
            "ProductGroup": "Sandviç",
            "ProductId": "1d49bf67-f29b-4586-bb26-23b7ab56a459",
            "ProductIsOpen": "Acik",
            "ShowOnlyInThisApplication": ""
          },
          {
            "__type": "Product:#YS.WebServices.Service.DTO.Main",
            "AlternativeDisplayChannels": "",
            "BaseCatalogName": "cad9fdf5-dc9e-4acb-9c9b-570929012515",
            "Description": "Izgara tavuk, domates, yeşillik, turşu, cheddar peyniri, ciabatta ekmeği",
            "DisplayName": "Chicken Sandviç",
            "ExtendedPrice": "9,50",
            "HasPromotion": false,
            "ImagePath": "...",
            "IsSellAlone": true,
            "IsTakeAwayOnly": "False",
            "ListPrice": "9,50",
            "ProductGroup": "Sandviç",
            "ProductId": "01289dc4-bd0b-4468-903a-5beeae2dfd45",
            "ProductIsOpen": "Acik",
            "ShowOnlyInThisApplication": ""
          },
          {
            "__type": "Product:#YS.WebServices.Service.DTO.Main",
            "AlternativeDisplayChannels": "",
            "BaseCatalogName": "cad9fdf5-dc9e-4acb-9c9b-570929012515",
            "Description": "Izgara hellim, ızgara patlıcan, domates, salatalık, yeşillik",
            "DisplayName": "Izgara Hellimli Sandviç",
            "ExtendedPrice": "7,00",
            "HasPromotion": false,
            "ImagePath": "...",
            "IsSellAlone": true,
            "IsTakeAwayOnly": "False",
            "ListPrice": "7,00",
            "ProductGroup": "Sandviç",
            "ProductId": "857a8f5e-7eeb-47d3-8ebb-346bb80c9098",
            "ProductIsOpen": "Acik",
            "ShowOnlyInThisApplication": ""
          },
          {
            "__type": "Product:#YS.WebServices.Service.DTO.Main",
            "AlternativeDisplayChannels": "",
            "BaseCatalogName": "cad9fdf5-dc9e-4acb-9c9b-570929012515",
            "Description": "Tavuk, dana jambın, kaşar peyniri, turşu, domates, yeşillik",
            "DisplayName": "Club Sandviç",
            "ExtendedPrice": "8,50",
            "HasPromotion": false,
            "ImagePath": "...",
            "IsSellAlone": true,
            "IsTakeAwayOnly": "False",
            "ListPrice": "8,50",
            "ProductGroup": "Sandviç",
            "ProductId": "5794ca80-eed3-4ccd-9c02-7717517864c4",
            "ProductIsOpen": "Acik",
            "ShowOnlyInThisApplication": ""
          }
        ]
      },
      {
        "__type": "RestaurantMenu:#YS.WebServices.Service.DTO.Main",
        "CategoryDisplayName": "Salatalar",
        "CategoryName": "cb00f8ad-55be-4d59-91a6-ae0dc42466d3",
        "Description": "...",
        "DisplayName": "Salatalar",
        "ExtendedPrice": 0,
        "IsOpen": "True",
        "IsTopSoldMenu": false,
        "Oid": 1595907,
        "Price": -1,
        "Products": [
          {
            "__type": "Product:#YS.WebServices.Service.DTO.Main",
            "AlternativeDisplayChannels": "",
            "BaseCatalogName": "20d1bcd4-0a76-49b2-a9fc-981f52f332ed",
            "Description": "...",
            "DisplayName": "Mevsim Salatası",
            "ExtendedPrice": "3,00",
            "HasPromotion": false,
            "ImagePath": "...",
            "IsSellAlone": true,
            "IsTakeAwayOnly": "False",
            "ListPrice": "3,00",
            "ProductGroup": "Salata",
            "ProductId": "845c7c8f-00e9-4519-b851-9bb3d3583809",
            "ProductIsOpen": "Acik",
            "ShowOnlyInThisApplication": ""
          },
          {
            "__type": "Product:#YS.WebServices.Service.DTO.Main",
            "AlternativeDisplayChannels": "",
            "BaseCatalogName": "20d1bcd4-0a76-49b2-a9fc-981f52f332ed",
            "Description": "...",
            "DisplayName": "Çoban Salata",
            "ExtendedPrice": "3,00",
            "HasPromotion": false,
            "ImagePath": "...",
            "IsSellAlone": true,
            "IsTakeAwayOnly": "False",
            "ListPrice": "3,00",
            "ProductGroup": "Salata",
            "ProductId": "3bea11b8-4ee1-44cd-b65e-70819b942ed6",
            "ProductIsOpen": "Acik",
            "ShowOnlyInThisApplication": ""
          },
          {
            "__type": "Product:#YS.WebServices.Service.DTO.Main",
            "AlternativeDisplayChannels": "",
            "BaseCatalogName": "cad9fdf5-dc9e-4acb-9c9b-570929012515",
            "Description": "...",
            "DisplayName": "Sezar Salata",
            "ExtendedPrice": "13,00",
            "HasPromotion": false,
            "ImagePath": "...",
            "IsSellAlone": true,
            "IsTakeAwayOnly": "False",
            "ListPrice": "13,00",
            "ProductGroup": "Salata",
            "ProductId": "8c3ca93b-67e5-4a1a-8e54-6570b3531e85",
            "ProductIsOpen": "Acik",
            "ShowOnlyInThisApplication": ""
          },
          {
            "__type": "Product:#YS.WebServices.Service.DTO.Main",
            "AlternativeDisplayChannels": "",
            "BaseCatalogName": "cad9fdf5-dc9e-4acb-9c9b-570929012515",
            "Description": "Yeşillik, tulum peyniri, çeri domates, zeytin, kuru kayısı, ceviz, salatalık, balsamik sos",
            "DisplayName": "Tulum Peynirli Salata",
            "ExtendedPrice": "10,00",
            "HasPromotion": false,
            "ImagePath": "...",
            "IsSellAlone": true,
            "IsTakeAwayOnly": "False",
            "ListPrice": "10,00",
            "ProductGroup": "Salata",
            "ProductId": "54a224f8-7591-4557-a378-b7065b70e1cb",
            "ProductIsOpen": "Acik",
            "ShowOnlyInThisApplication": ""
          },
          {
            "__type": "Product:#YS.WebServices.Service.DTO.Main",
            "AlternativeDisplayChannels": "",
            "BaseCatalogName": "cad9fdf5-dc9e-4acb-9c9b-570929012515",
            "Description": "Yeşil mercimek, buğday, maş fasulyesi, mısır, taze soğan, kuru kayısı, ceviz, zeytin, renkli biberler, kuru domates, maydanoz, tulum peyniri, yağ, limon sos",
            "DisplayName": "Tahıl Salata",
            "ExtendedPrice": "10,00",
            "HasPromotion": false,
            "ImagePath": "...",
            "IsSellAlone": true,
            "IsTakeAwayOnly": "False",
            "ListPrice": "10,00",
            "ProductGroup": "Salata",
            "ProductId": "2f127dc7-1b35-4aba-a372-bd2582e52c50",
            "ProductIsOpen": "Acik",
            "ShowOnlyInThisApplication": ""
          },
          {
            "__type": "Product:#YS.WebServices.Service.DTO.Main",
            "AlternativeDisplayChannels": "",
            "BaseCatalogName": "cad9fdf5-dc9e-4acb-9c9b-570929012515",
            "Description": "Yeşillik, beyaz peynir, çeri domates, salatalık, zeytin, mısır, havuç, renkli biberler, balsamik sos",
            "DisplayName": "Akdeniz Salata",
            "ExtendedPrice": "8,00",
            "HasPromotion": false,
            "ImagePath": "...",
            "IsSellAlone": true,
            "IsTakeAwayOnly": "False",
            "ListPrice": "8,00",
            "ProductGroup": "Salata",
            "ProductId": "a15198a7-a843-45a7-9027-84720a0dbf06",
            "ProductIsOpen": "Acik",
            "ShowOnlyInThisApplication": ""
          },
          {
            "__type": "Product:#YS.WebServices.Service.DTO.Main",
            "AlternativeDisplayChannels": "",
            "BaseCatalogName": "cad9fdf5-dc9e-4acb-9c9b-570929012515",
            "Description": "Yeşillik, ızgara hellim, taze kuşkonmaz, ızgara patlıcan, mısır, domates, kuru kayısı, yeşil elma, fesleğen sos",
            "DisplayName": "Izgara Hellimli Salata",
            "ExtendedPrice": "11,00",
            "HasPromotion": false,
            "ImagePath": "...",
            "IsSellAlone": true,
            "IsTakeAwayOnly": "False",
            "ListPrice": "11,00",
            "ProductGroup": "Salata",
            "ProductId": "ca0225d4-127c-4405-8c21-437e211cca48",
            "ProductIsOpen": "Acik",
            "ShowOnlyInThisApplication": ""
          },
          {
            "__type": "Product:#YS.WebServices.Service.DTO.Main",
            "AlternativeDisplayChannels": "",
            "BaseCatalogName": "cad9fdf5-dc9e-4acb-9c9b-570929012515",
            "Description": "Yeşillik, baharatlı ızgara tavuk, taze kuşkonmaz, domates, salatalık, mısır, kruton, hardal sos",
            "DisplayName": "Izgara Tavuk Salata",
            "ExtendedPrice": "12,00",
            "HasPromotion": false,
            "ImagePath": "...",
            "IsSellAlone": true,
            "IsTakeAwayOnly": "False",
            "ListPrice": "12,00",
            "ProductGroup": "Salata",
            "ProductId": "1f999542-a78c-4485-bc09-06a5fcd23824",
            "ProductIsOpen": "Acik",
            "ShowOnlyInThisApplication": ""
          },
          {
            "__type": "Product:#YS.WebServices.Service.DTO.Main",
            "AlternativeDisplayChannels": "",
            "BaseCatalogName": "cad9fdf5-dc9e-4acb-9c9b-570929012515",
            "Description": "Yeşillik, ızgara bonfile, ızgara hellim, çeri domates, salatalık, mısır, soya filizi, ızgara soğan, kruton, hardal sos",
            "DisplayName": "Izgara Bonfile Salata",
            "ExtendedPrice": "14,00",
            "HasPromotion": false,
            "ImagePath": "...",
            "IsSellAlone": true,
            "IsTakeAwayOnly": "False",
            "ListPrice": "14,00",
            "ProductGroup": "Salata",
            "ProductId": "b25c8d96-ddc5-449a-a928-7c00f3c1729f",
            "ProductIsOpen": "Acik",
            "ShowOnlyInThisApplication": ""
          }
        ]
      },
      {
        "__type": "RestaurantMenu:#YS.WebServices.Service.DTO.Main",
        "CategoryDisplayName": "Burgerler",
        "CategoryName": "40130406-588c-471e-ade1-b2fef2940cfd",
        "Description": "...",
        "DisplayName": "Burgerler",
        "ExtendedPrice": 0,
        "IsOpen": "True",
        "IsTopSoldMenu": false,
        "Oid": 1734355,
        "Price": -1,
        "Products": [
          {
            "__type": "Product:#YS.WebServices.Service.DTO.Main",
            "AlternativeDisplayChannels": "",
            "BaseCatalogName": "cad9fdf5-dc9e-4acb-9c9b-570929012515",
            "Description": "Köfte, yeşillik, domates, turşu, ızgara soğan, patates kızartması, BBQ sos ve coleslaw",
            "DisplayName": "Hamburger",
            "ExtendedPrice": "12,00",
            "HasPromotion": false,
            "ImagePath": "...",
            "IsSellAlone": true,
            "IsTakeAwayOnly": "False",
            "ListPrice": "12,00",
            "ProductGroup": "Burger",
            "ProductId": "f783daa6-6ca9-4e82-88ff-b2110bbc04a4",
            "ProductIsOpen": "Acik",
            "ShowOnlyInThisApplication": ""
          },
          {
            "__type": "Product:#YS.WebServices.Service.DTO.Main",
            "AlternativeDisplayChannels": "",
            "BaseCatalogName": "cad9fdf5-dc9e-4acb-9c9b-570929012515",
            "Description": "Köfte, yeşillik, domates, turşu, ızgara soğan, cheddar peyniri, patates kızartması, BBQ sos, coleslaw",
            "DisplayName": "Cheeseburger",
            "ExtendedPrice": "13,00",
            "HasPromotion": false,
            "ImagePath": "...",
            "IsSellAlone": true,
            "IsTakeAwayOnly": "False",
            "ListPrice": "13,00",
            "ProductGroup": "Burger",
            "ProductId": "0236cafe-6e00-41c5-be3f-fffe9d3f39f7",
            "ProductIsOpen": "Acik",
            "ShowOnlyInThisApplication": ""
          },
          {
            "__type": "Product:#YS.WebServices.Service.DTO.Main",
            "AlternativeDisplayChannels": "",
            "BaseCatalogName": "cad9fdf5-dc9e-4acb-9c9b-570929012515",
            "Description": "Izgara piliç, ızgara hellim, domates, yeşillik, patates kızartması, BBQ sos, coleslaw",
            "DisplayName": "Chicken Burger",
            "ExtendedPrice": "11,00",
            "HasPromotion": false,
            "ImagePath": "...",
            "IsSellAlone": true,
            "IsTakeAwayOnly": "False",
            "ListPrice": "11,00",
            "ProductGroup": "Burger",
            "ProductId": "cb3995b5-8c3e-4419-8e0a-c1b647701fbe",
            "ProductIsOpen": "Acik",
            "ShowOnlyInThisApplication": ""
          },
          {
            "__type": "Product:#YS.WebServices.Service.DTO.Main",
            "AlternativeDisplayChannels": "",
            "BaseCatalogName": "cad9fdf5-dc9e-4acb-9c9b-570929012515",
            "Description": "Izgara sucuk, kaşar peyniri, domates, yeşillik, patates kızartması, coleslaw",
            "DisplayName": "Sucuklu Burger",
            "ExtendedPrice": "10,00",
            "HasPromotion": false,
            "ImagePath": "...",
            "IsSellAlone": true,
            "IsTakeAwayOnly": "False",
            "ListPrice": "10,00",
            "ProductGroup": "Burger",
            "ProductId": "57e03c70-0488-452f-9c84-9e8fc1f94195",
            "ProductIsOpen": "Acik",
            "ShowOnlyInThisApplication": ""
          },
          {
            "__type": "Product:#YS.WebServices.Service.DTO.Main",
            "AlternativeDisplayChannels": "",
            "BaseCatalogName": "cad9fdf5-dc9e-4acb-9c9b-570929012515",
            "Description": "Izgara sebzeler, domates, ızgara hellim, yeşillik, patates kızartması, BBQ sos, coleslaw",
            "DisplayName": "Vejetaryen Burger",
            "ExtendedPrice": "9,00",
            "HasPromotion": false,
            "ImagePath": "...",
            "IsSellAlone": true,
            "IsTakeAwayOnly": "False",
            "ListPrice": "9,00",
            "ProductGroup": "Burger",
            "ProductId": "215d00d7-a277-4c80-8399-2870ced2605d",
            "ProductIsOpen": "Acik",
            "ShowOnlyInThisApplication": ""
          }
        ]
      },
      {
        "__type": "RestaurantMenu:#YS.WebServices.Service.DTO.Main",
        "CategoryDisplayName": "Makarnalar",
        "CategoryName": "bcad228b-1946-401e-a3c7-c0c2e10b3f6e",
        "Description": "...",
        "DisplayName": "Makarnalar",
        "ExtendedPrice": 0,
        "IsOpen": "True",
        "IsTopSoldMenu": false,
        "Oid": 1734356,
        "Price": -1,
        "Products": [
          {
            "__type": "Product:#YS.WebServices.Service.DTO.Main",
            "AlternativeDisplayChannels": "",
            "BaseCatalogName": "cad9fdf5-dc9e-4acb-9c9b-570929012515",
            "Description": "Közlenmiş patlıcan, jülyen bonfile, zeytin, kaşar peyniri, domates sos",
            "DisplayName": "Penne Special",
            "ExtendedPrice": "12,00",
            "HasPromotion": false,
            "ImagePath": "...",
            "IsSellAlone": true,
            "IsTakeAwayOnly": "False",
            "ListPrice": "12,00",
            "ProductGroup": "Makarna",
            "ProductId": "98dffe2e-c424-4285-bdf8-ae2c0b072656",
            "ProductIsOpen": "Acik",
            "ShowOnlyInThisApplication": ""
          },
          {
            "__type": "Product:#YS.WebServices.Service.DTO.Main",
            "AlternativeDisplayChannels": "",
            "BaseCatalogName": "cad9fdf5-dc9e-4acb-9c9b-570929012515",
            "Description": "Tavuk, mantar, taze kuşkonmaz, tagliatelle, krema, parmesan peyniri",
            "DisplayName": "Tavuklu Mantarlı Tagliatelle",
            "ExtendedPrice": "9,00",
            "HasPromotion": false,
            "ImagePath": "...",
            "IsSellAlone": true,
            "IsTakeAwayOnly": "False",
            "ListPrice": "9,00",
            "ProductGroup": "Makarna",
            "ProductId": "ef2c810e-08ca-4328-968f-6b374315be76",
            "ProductIsOpen": "Acik",
            "ShowOnlyInThisApplication": ""
          },
          {
            "__type": "Product:#YS.WebServices.Service.DTO.Main",
            "AlternativeDisplayChannels": "",
            "BaseCatalogName": "cad9fdf5-dc9e-4acb-9c9b-570929012515",
            "Description": "Tagliatelle, köfte parçacıkları, mantar, pesto sos, domates sos, parmesan peyniri",
            "DisplayName": "Tagliatelle Bologna",
            "ExtendedPrice": "10,00",
            "HasPromotion": false,
            "ImagePath": "...",
            "IsSellAlone": true,
            "IsTakeAwayOnly": "False",
            "ListPrice": "10,00",
            "ProductGroup": "Makarna",
            "ProductId": "52068e3b-61e4-4301-852b-858a2145dd17",
            "ProductIsOpen": "Acik",
            "ShowOnlyInThisApplication": ""
          },
          {
            "__type": "Product:#YS.WebServices.Service.DTO.Main",
            "AlternativeDisplayChannels": "",
            "BaseCatalogName": "cad9fdf5-dc9e-4acb-9c9b-570929012515",
            "Description": "El açması, dana kıyma dolgulu, fırınlanmıi, yoğurt ve tereyağ sos ile",
            "DisplayName": "Ev Mantısı",
            "ExtendedPrice": "10,00",
            "HasPromotion": false,
            "ImagePath": "...",
            "IsSellAlone": true,
            "IsTakeAwayOnly": "False",
            "ListPrice": "10,00",
            "ProductGroup": "Makarna",
            "ProductId": "b190ac2d-5d70-4f44-a4ca-0f90024505b6",
            "ProductIsOpen": "Acik",
            "ShowOnlyInThisApplication": ""
          },
          {
            "__type": "Product:#YS.WebServices.Service.DTO.Main",
            "AlternativeDisplayChannels": "",
            "BaseCatalogName": "cad9fdf5-dc9e-4acb-9c9b-570929012515",
            "Description": "Ev eriştesi, yeşil mercimek, tulum peyniri, ceviz",
            "DisplayName": "Yeşil Mercimekli Erişte",
            "ExtendedPrice": "9,00",
            "HasPromotion": false,
            "ImagePath": "...",
            "IsSellAlone": true,
            "IsTakeAwayOnly": "False",
            "ListPrice": "9,00",
            "ProductGroup": "Makarna",
            "ProductId": "5f844bf7-a721-4ff4-a0f1-af3208ae5a1d",
            "ProductIsOpen": "Acik",
            "ShowOnlyInThisApplication": ""
          },
          {
            "__type": "Product:#YS.WebServices.Service.DTO.Main",
            "AlternativeDisplayChannels": "",
            "BaseCatalogName": "cad9fdf5-dc9e-4acb-9c9b-570929012515",
            "Description": "...",
            "DisplayName": "Spagetti Bolognese",
            "ExtendedPrice": "9,00",
            "HasPromotion": false,
            "ImagePath": "...",
            "IsSellAlone": true,
            "IsTakeAwayOnly": "False",
            "ListPrice": "9,00",
            "ProductGroup": "Makarna",
            "ProductId": "a220cc09-4471-41b4-82d2-1e9c5ec38fd6",
            "ProductIsOpen": "Acik",
            "ShowOnlyInThisApplication": ""
          },
          {
            "__type": "Product:#YS.WebServices.Service.DTO.Main",
            "AlternativeDisplayChannels": "",
            "BaseCatalogName": "cad9fdf5-dc9e-4acb-9c9b-570929012515",
            "Description": "Domates sos, zeytin, parmesan peyniri, acı sos",
            "DisplayName": "Penne All Arrabbiata",
            "ExtendedPrice": "7,00",
            "HasPromotion": false,
            "ImagePath": "...",
            "IsSellAlone": true,
            "IsTakeAwayOnly": "False",
            "ListPrice": "7,00",
            "ProductGroup": "Makarna",
            "ProductId": "d20215b3-f987-453e-9533-ebec1d563f19",
            "ProductIsOpen": "Acik",
            "ShowOnlyInThisApplication": ""
          },
          {
            "__type": "Product:#YS.WebServices.Service.DTO.Main",
            "AlternativeDisplayChannels": "",
            "BaseCatalogName": "cad9fdf5-dc9e-4acb-9c9b-570929012515",
            "Description": "Ispanak, rokfor, dana jambon, lazanya, domates sos, parmesan peyniri, kaşar peyniri",
            "DisplayName": "Ispanaklı Rokforlu Makarna Sarması",
            "ExtendedPrice": "11,00",
            "HasPromotion": false,
            "ImagePath": "...",
            "IsSellAlone": true,
            "IsTakeAwayOnly": "False",
            "ListPrice": "11,00",
            "ProductGroup": "Makarna",
            "ProductId": "a0dd30ca-cb16-4dde-9548-0a6c3a5959af",
            "ProductIsOpen": "Acik",
            "ShowOnlyInThisApplication": ""
          },
          {
            "__type": "Product:#YS.WebServices.Service.DTO.Main",
            "AlternativeDisplayChannels": "",
            "BaseCatalogName": "cad9fdf5-dc9e-4acb-9c9b-570929012515",
            "Description": "...",
            "DisplayName": "Sebzeli Etli Noodle",
            "ExtendedPrice": "12,00",
            "HasPromotion": false,
            "ImagePath": "...",
            "IsSellAlone": true,
            "IsTakeAwayOnly": "False",
            "ListPrice": "12,00",
            "ProductGroup": "Makarna",
            "ProductId": "65813379-d173-4f0a-87d7-96b29667c7d3",
            "ProductIsOpen": "Acik",
            "ShowOnlyInThisApplication": ""
          },
          {
            "__type": "Product:#YS.WebServices.Service.DTO.Main",
            "AlternativeDisplayChannels": "",
            "BaseCatalogName": "cad9fdf5-dc9e-4acb-9c9b-570929012515",
            "Description": "...",
            "DisplayName": "Sebzeli Tavuklu Noodle",
            "ExtendedPrice": "11,00",
            "HasPromotion": false,
            "ImagePath": "...",
            "IsSellAlone": true,
            "IsTakeAwayOnly": "False",
            "ListPrice": "11,00",
            "ProductGroup": "Makarna",
            "ProductId": "2d3a12e6-0347-480d-bcb5-41e90470b3f6",
            "ProductIsOpen": "Acik",
            "ShowOnlyInThisApplication": ""
          },
          {
            "__type": "Product:#YS.WebServices.Service.DTO.Main",
            "AlternativeDisplayChannels": "",
            "BaseCatalogName": "cad9fdf5-dc9e-4acb-9c9b-570929012515",
            "Description": "...",
            "DisplayName": "Vejetaryen Noodle",
            "ExtendedPrice": "9,00",
            "HasPromotion": false,
            "ImagePath": "...",
            "IsSellAlone": true,
            "IsTakeAwayOnly": "False",
            "ListPrice": "9,00",
            "ProductGroup": "Makarna",
            "ProductId": "87ce71a4-c327-48c2-be84-bc91d3908b02",
            "ProductIsOpen": "Acik",
            "ShowOnlyInThisApplication": ""
          }
        ]
      },
      {
        "__type": "RestaurantMenu:#YS.WebServices.Service.DTO.Main",
        "CategoryDisplayName": "Dürümler",
        "CategoryName": "e675f8cd-9c0f-45b6-9440-23ed54d59803",
        "Description": "...",
        "DisplayName": "Dürümler",
        "ExtendedPrice": 0,
        "IsOpen": "True",
        "IsTopSoldMenu": false,
        "Oid": 1734357,
        "Price": -1,
        "Products": [
          {
            "__type": "Product:#YS.WebServices.Service.DTO.Main",
            "AlternativeDisplayChannels": "",
            "BaseCatalogName": "cad9fdf5-dc9e-4acb-9c9b-570929012515",
            "Description": "Jülyen tavuk, renkli biberler, mantar, kaşar peyniri, patates kızartması, coleslaw, salsa sos",
            "DisplayName": "Tavuklu Dürüm",
            "ExtendedPrice": "10,00",
            "HasPromotion": false,
            "ImagePath": "...",
            "IsSellAlone": true,
            "IsTakeAwayOnly": "False",
            "ListPrice": "10,00",
            "ProductGroup": "Tavuk Yemeği",
            "ProductId": "a9f8b70f-16c0-41a7-a0f5-a70dbaf1eace",
            "ProductIsOpen": "Acik",
            "ShowOnlyInThisApplication": ""
          },
          {
            "__type": "Product:#YS.WebServices.Service.DTO.Main",
            "AlternativeDisplayChannels": "",
            "BaseCatalogName": "cad9fdf5-dc9e-4acb-9c9b-570929012515",
            "Description": "Jülyen bonfile, renkli biberler, mantar, közlenmiş patlıcan, kaşar peyniri, patates kızartması, coleslaw, salsa sos",
            "DisplayName": "Çarşı Dürüm",
            "ExtendedPrice": "12,00",
            "HasPromotion": false,
            "ImagePath": "...",
            "IsSellAlone": true,
            "IsTakeAwayOnly": "False",
            "ListPrice": "12,00",
            "ProductGroup": "Et Yemeği",
            "ProductId": "7ee1a44d-76f8-4aad-bc6f-19e7f9fa5328",
            "ProductIsOpen": "Acik",
            "ShowOnlyInThisApplication": ""
          },
          {
            "__type": "Product:#YS.WebServices.Service.DTO.Main",
            "AlternativeDisplayChannels": "",
            "BaseCatalogName": "cad9fdf5-dc9e-4acb-9c9b-570929012515",
            "Description": "Kuzu kuşbaşı, renkli biberler, domates, soğan, acı biber, mantar, patates kızartması, coleslaw, salsa sos",
            "DisplayName": "Kuzu Şiş Dürüm",
            "ExtendedPrice": "12,00",
            "HasPromotion": false,
            "ImagePath": "...",
            "IsSellAlone": true,
            "IsTakeAwayOnly": "False",
            "ListPrice": "12,00",
            "ProductGroup": "Kebap",
            "ProductId": "7785988a-7bb1-40e4-ae2e-f9d1aa10030c",
            "ProductIsOpen": "Acik",
            "ShowOnlyInThisApplication": ""
          },
          {
            "__type": "Product:#YS.WebServices.Service.DTO.Main",
            "AlternativeDisplayChannels": "",
            "BaseCatalogName": "cad9fdf5-dc9e-4acb-9c9b-570929012515",
            "Description": "Izgara köftge, renkli biberler, domates, kaşar peyniri, patates kızartması, coleslaw, salsa sos",
            "DisplayName": "Köfteli Dürüm",
            "ExtendedPrice": "11,00",
            "HasPromotion": false,
            "ImagePath": "...",
            "IsSellAlone": true,
            "IsTakeAwayOnly": "False",
            "ListPrice": "11,00",
            "ProductGroup": "Kebap",
            "ProductId": "693c71b7-e729-4b5f-9982-d4513b73efa1",
            "ProductIsOpen": "Acik",
            "ShowOnlyInThisApplication": ""
          }
        ]
      },
      {
        "__type": "RestaurantMenu:#YS.WebServices.Service.DTO.Main",
        "CategoryDisplayName": "Türk Mutfağı",
        "CategoryName": "f0dfe959-6edd-4a38-9eb0-a30db7b1c29a",
        "Description": "...",
        "DisplayName": "Türk Mutfağı",
        "ExtendedPrice": 0,
        "IsOpen": "True",
        "IsTopSoldMenu": false,
        "Oid": 1594376,
        "Price": -1,
        "Products": [
          {
            "__type": "Product:#YS.WebServices.Service.DTO.Main",
            "AlternativeDisplayChannels": "",
            "BaseCatalogName": "",
            "Description": "...",
            "DisplayName": "Beşamel Soslu Tavuk",
            "ExtendedPrice": "7,50",
            "HasPromotion": false,
            "ImagePath": "...",
            "IsSellAlone": true,
            "IsTakeAwayOnly": "False",
            "ListPrice": "7,50",
            "ProductGroup": "Ev Yemeği",
            "ProductId": "52eda0cb-3d44-4453-98ff-d24c571d6424",
            "ProductIsOpen": "Acik",
            "ShowOnlyInThisApplication": ""
          },
          {
            "__type": "Product:#YS.WebServices.Service.DTO.Main",
            "AlternativeDisplayChannels": "",
            "BaseCatalogName": "",
            "Description": "...",
            "DisplayName": "Domates Soslu Kızartma",
            "ExtendedPrice": "6,00",
            "HasPromotion": false,
            "ImagePath": "...",
            "IsSellAlone": true,
            "IsTakeAwayOnly": "False",
            "ListPrice": "6,00",
            "ProductGroup": "Ev Yemeği",
            "ProductId": "ee6437b2-c856-4ffd-9528-a26d3471f245",
            "ProductIsOpen": "Acik",
            "ShowOnlyInThisApplication": ""
          },
          {
            "__type": "Product:#YS.WebServices.Service.DTO.Main",
            "AlternativeDisplayChannels": "",
            "BaseCatalogName": "",
            "Description": "...",
            "DisplayName": "Domates Soslu Tavuk",
            "ExtendedPrice": "7,50",
            "HasPromotion": false,
            "ImagePath": "...",
            "IsSellAlone": true,
            "IsTakeAwayOnly": "False",
            "ListPrice": "7,50",
            "ProductGroup": "Ev Yemeği",
            "ProductId": "aeb06b6a-3250-408c-9448-18334a160dc8",
            "ProductIsOpen": "Acik",
            "ShowOnlyInThisApplication": ""
          },
          {
            "__type": "Product:#YS.WebServices.Service.DTO.Main",
            "AlternativeDisplayChannels": "",
            "BaseCatalogName": "cad9fdf5-dc9e-4acb-9c9b-570929012515",
            "Description": "...",
            "DisplayName": "Fırında Kaşarlı Mantar",
            "ExtendedPrice": "7,00",
            "HasPromotion": false,
            "ImagePath": "...",
            "IsSellAlone": true,
            "IsTakeAwayOnly": "False",
            "ListPrice": "7,00",
            "ProductGroup": "Ev Yemeği",
            "ProductId": "00155219-d1ec-44d4-aa55-b4f06c7918bc",
            "ProductIsOpen": "Acik",
            "ShowOnlyInThisApplication": ""
          },
          {
            "__type": "Product:#YS.WebServices.Service.DTO.Main",
            "AlternativeDisplayChannels": "",
            "BaseCatalogName": "",
            "Description": "...",
            "DisplayName": "Ispanak",
            "ExtendedPrice": "7,00",
            "HasPromotion": false,
            "ImagePath": "...",
            "IsSellAlone": true,
            "IsTakeAwayOnly": "False",
            "ListPrice": "7,00",
            "ProductGroup": "Ev Yemeği",
            "ProductId": "f99c4ed2-aee8-4828-8665-6fe469ac557b",
            "ProductIsOpen": "Acik",
            "ShowOnlyInThisApplication": ""
          },
          {
            "__type": "Product:#YS.WebServices.Service.DTO.Main",
            "AlternativeDisplayChannels": "",
            "BaseCatalogName": "",
            "Description": "...",
            "DisplayName": "Ispanaklı Kaşarlı Tavuk",
            "ExtendedPrice": "8,00",
            "HasPromotion": false,
            "ImagePath": "...",
            "IsSellAlone": true,
            "IsTakeAwayOnly": "False",
            "ListPrice": "8,00",
            "ProductGroup": "Ev Yemeği",
            "ProductId": "d5292729-9571-40cc-92b8-e819b7dbf258",
            "ProductIsOpen": "Acik",
            "ShowOnlyInThisApplication": ""
          },
          {
            "__type": "Product:#YS.WebServices.Service.DTO.Main",
            "AlternativeDisplayChannels": "",
            "BaseCatalogName": "",
            "Description": "...",
            "DisplayName": "Kuru Köfte & Pilav",
            "ExtendedPrice": "10,00",
            "HasPromotion": false,
            "ImagePath": "...",
            "IsSellAlone": true,
            "IsTakeAwayOnly": "False",
            "ListPrice": "10,00",
            "ProductGroup": "Ev Yemeği",
            "ProductId": "7d74537f-4519-4acb-ba4d-cca457220a6f",
            "ProductIsOpen": "Acik",
            "ShowOnlyInThisApplication": ""
          },
          {
            "__type": "Product:#YS.WebServices.Service.DTO.Main",
            "AlternativeDisplayChannels": "",
            "BaseCatalogName": "cad9fdf5-dc9e-4acb-9c9b-570929012515",
            "Description": "...",
            "DisplayName": "Lahana Sarma",
            "ExtendedPrice": "9,00",
            "HasPromotion": false,
            "ImagePath": "...",
            "IsSellAlone": true,
            "IsTakeAwayOnly": "False",
            "ListPrice": "9,00",
            "ProductGroup": "Ev Yemeği",
            "ProductId": "64f558ca-cd34-4034-991b-244ab72dc8a2",
            "ProductIsOpen": "Kapali",
            "ShowOnlyInThisApplication": ""
          },
          {
            "__type": "Product:#YS.WebServices.Service.DTO.Main",
            "AlternativeDisplayChannels": "",
            "BaseCatalogName": "",
            "Description": "Pilav ile",
            "DisplayName": "Mantarlı Tavuk Sote",
            "ExtendedPrice": "8,00",
            "HasPromotion": false,
            "ImagePath": "...",
            "IsSellAlone": true,
            "IsTakeAwayOnly": "False",
            "ListPrice": "8,00",
            "ProductGroup": "Ev Yemeği",
            "ProductId": "c980667a-ae50-4208-b4df-4a7c9958dbf3",
            "ProductIsOpen": "Acik",
            "ShowOnlyInThisApplication": ""
          },
          {
            "__type": "Product:#YS.WebServices.Service.DTO.Main",
            "AlternativeDisplayChannels": "",
            "BaseCatalogName": "cad9fdf5-dc9e-4acb-9c9b-570929012515",
            "Description": "...",
            "DisplayName": "Mantı",
            "ExtendedPrice": "10,00",
            "HasPromotion": false,
            "ImagePath": "...",
            "IsSellAlone": true,
            "IsTakeAwayOnly": "False",
            "ListPrice": "10,00",
            "ProductGroup": "Ev Yemeği",
            "ProductId": "e1a9c799-1815-4d8d-a257-708a17187dcd",
            "ProductIsOpen": "Acik",
            "ShowOnlyInThisApplication": ""
          },
          {
            "__type": "Product:#YS.WebServices.Service.DTO.Main",
            "AlternativeDisplayChannels": "",
            "BaseCatalogName": "",
            "Description": "...",
            "DisplayName": "Sebzeli Tavuk But Sote",
            "ExtendedPrice": "7,50",
            "HasPromotion": false,
            "ImagePath": "...",
            "IsSellAlone": true,
            "IsTakeAwayOnly": "False",
            "ListPrice": "7,50",
            "ProductGroup": "Ev Yemeği",
            "ProductId": "ff9acad6-0976-4ac0-ae7c-f21c45a9d12c",
            "ProductIsOpen": "Acik",
            "ShowOnlyInThisApplication": ""
          },
          {
            "__type": "Product:#YS.WebServices.Service.DTO.Main",
            "AlternativeDisplayChannels": "",
            "BaseCatalogName": "",
            "Description": "...",
            "DisplayName": "Tavuk Şiş",
            "ExtendedPrice": "10,00",
            "HasPromotion": false,
            "ImagePath": "...",
            "IsSellAlone": true,
            "IsTakeAwayOnly": "False",
            "ListPrice": "10,00",
            "ProductGroup": "Ev Yemeği",
            "ProductId": "480a271c-4383-4af8-9448-3964f07a7c18",
            "ProductIsOpen": "Acik",
            "ShowOnlyInThisApplication": ""
          },
          {
            "__type": "Product:#YS.WebServices.Service.DTO.Main",
            "AlternativeDisplayChannels": "",
            "BaseCatalogName": "cad9fdf5-dc9e-4acb-9c9b-570929012515",
            "Description": "...",
            "DisplayName": "Yumurtalı Ispanak",
            "ExtendedPrice": "7,50",
            "HasPromotion": false,
            "ImagePath": "...",
            "IsSellAlone": true,
            "IsTakeAwayOnly": "False",
            "ListPrice": "7,50",
            "ProductGroup": "Ev Yemeği",
            "ProductId": "654f6b10-4ec7-40c1-9477-3585bd54097c",
            "ProductIsOpen": "Acik",
            "ShowOnlyInThisApplication": ""
          }
        ]
      },
      {
        "__type": "RestaurantMenu:#YS.WebServices.Service.DTO.Main",
        "CategoryDisplayName": "Ana Yemekler",
        "CategoryName": "91b28b82-30ea-473a-be5e-d7224f712619",
        "Description": "...",
        "DisplayName": "Ana Yemekler",
        "ExtendedPrice": 0,
        "IsOpen": "True",
        "IsTopSoldMenu": false,
        "Oid": 1734358,
        "Price": -1,
        "Products": [
          {
            "__type": "Product:#YS.WebServices.Service.DTO.Main",
            "AlternativeDisplayChannels": "",
            "BaseCatalogName": "cad9fdf5-dc9e-4acb-9c9b-570929012515",
            "Description": "Sebze sote, pilav",
            "DisplayName": "Antrikot Izgara",
            "ExtendedPrice": "18,00",
            "HasPromotion": false,
            "ImagePath": "...",
            "IsSellAlone": true,
            "IsTakeAwayOnly": "False",
            "ListPrice": "18,00",
            "ProductGroup": "Et Yemeği",
            "ProductId": "ad795e00-72a8-4caa-9273-9cdc974789a8",
            "ProductIsOpen": "Acik",
            "ShowOnlyInThisApplication": ""
          },
          {
            "__type": "Product:#YS.WebServices.Service.DTO.Main",
            "AlternativeDisplayChannels": "",
            "BaseCatalogName": "cad9fdf5-dc9e-4acb-9c9b-570929012515",
            "Description": "Tavuk but, tavuk göğüs, baby patates, sebze sote",
            "DisplayName": "Baharatlı Izgara Tavuk",
            "ExtendedPrice": "11,00",
            "HasPromotion": false,
            "ImagePath": "...",
            "IsSellAlone": true,
            "IsTakeAwayOnly": "False",
            "ListPrice": "11,00",
            "ProductGroup": "Et Yemeği",
            "ProductId": "43f62f5d-a908-4e83-979e-bfbc080a8534",
            "ProductIsOpen": "Acik",
            "ShowOnlyInThisApplication": ""
          },
          {
            "__type": "Product:#YS.WebServices.Service.DTO.Main",
            "AlternativeDisplayChannels": "",
            "BaseCatalogName": "cad9fdf5-dc9e-4acb-9c9b-570929012515",
            "Description": "Kuşbaşı bonfile, yeşil biber, soğan, domates",
            "DisplayName": "Beğendili Kebap",
            "ExtendedPrice": "17,50",
            "HasPromotion": false,
            "ImagePath": "...",
            "IsSellAlone": true,
            "IsTakeAwayOnly": "False",
            "ListPrice": "17,50",
            "ProductGroup": "Et Yemeği",
            "ProductId": "3062fcce-0dc9-4a79-a632-11032d837778",
            "ProductIsOpen": "Acik",
            "ShowOnlyInThisApplication": ""
          },
          {
            "__type": "Product:#YS.WebServices.Service.DTO.Main",
            "AlternativeDisplayChannels": "",
            "BaseCatalogName": "cad9fdf5-dc9e-4acb-9c9b-570929012515",
            "Description": "Pilav, patates, turşu",
            "DisplayName": "Izgara Köfte",
            "ExtendedPrice": "12,50",
            "HasPromotion": false,
            "ImagePath": "...",
            "IsSellAlone": true,
            "IsTakeAwayOnly": "False",
            "ListPrice": "12,50",
            "ProductGroup": "Et Yemeği",
            "ProductId": "8d0fc088-2811-4b88-94e5-38a4d53c7e9d",
            "ProductIsOpen": "Acik",
            "ShowOnlyInThisApplication": ""
          },
          {
            "__type": "Product:#YS.WebServices.Service.DTO.Main",
            "AlternativeDisplayChannels": "",
            "BaseCatalogName": "cad9fdf5-dc9e-4acb-9c9b-570929012515",
            "Description": "Kuşbaşı tavuk, renkli biberler, ananas, köri krema, pilav, patates kızartması",
            "DisplayName": "Köri Soslu Tavuk",
            "ExtendedPrice": "10,00",
            "HasPromotion": false,
            "ImagePath": "...",
            "IsSellAlone": true,
            "IsTakeAwayOnly": "False",
            "ListPrice": "10,00",
            "ProductGroup": "Et Yemeği",
            "ProductId": "5c03794a-98dd-459e-90ec-28c0ab4eb086",
            "ProductIsOpen": "Acik",
            "ShowOnlyInThisApplication": ""
          },
          {
            "__type": "Product:#YS.WebServices.Service.DTO.Main",
            "AlternativeDisplayChannels": "",
            "BaseCatalogName": "cad9fdf5-dc9e-4acb-9c9b-570929012515",
            "Description": "Tırnak pide, ızgara bonfile, ızgara tavuk but, ızgara köfte, kibrit patates, yoğurt ve domates sos",
            "DisplayName": "Pideli Karışık Izgara",
            "ExtendedPrice": "19,00",
            "HasPromotion": false,
            "ImagePath": "...",
            "IsSellAlone": true,
            "IsTakeAwayOnly": "False",
            "ListPrice": "19,00",
            "ProductGroup": "Et Yemeği",
            "ProductId": "a7231c4d-eb96-474c-b6a8-58b2cd3fda36",
            "ProductIsOpen": "Acik",
            "ShowOnlyInThisApplication": ""
          },
          {
            "__type": "Product:#YS.WebServices.Service.DTO.Main",
            "AlternativeDisplayChannels": "",
            "BaseCatalogName": "cad9fdf5-dc9e-4acb-9c9b-570929012515",
            "Description": "Pilav, patates kızartması",
            "DisplayName": "Tavuk Şnitzel",
            "ExtendedPrice": "10,00",
            "HasPromotion": false,
            "ImagePath": "...",
            "IsSellAlone": true,
            "IsTakeAwayOnly": "False",
            "ListPrice": "10,00",
            "ProductGroup": "Et Yemeği",
            "ProductId": "61ce8737-5603-4566-9321-8dd7b9537e79",
            "ProductIsOpen": "Acik",
            "ShowOnlyInThisApplication": ""
          },
          {
            "__type": "Product:#YS.WebServices.Service.DTO.Main",
            "AlternativeDisplayChannels": "",
            "BaseCatalogName": "cad9fdf5-dc9e-4acb-9c9b-570929012515",
            "Description": "Noodle ile",
            "DisplayName": "Teriyaki Soslu Tavuk Şiş",
            "ExtendedPrice": "11,50",
            "HasPromotion": false,
            "ImagePath": "...",
            "IsSellAlone": true,
            "IsTakeAwayOnly": "False",
            "ListPrice": "11,50",
            "ProductGroup": "Et Yemeği",
            "ProductId": "caafc80f-9a59-4903-87d5-d379a5531491",
            "ProductIsOpen": "Acik",
            "ShowOnlyInThisApplication": ""
          },
          {
            "__type": "Product:#YS.WebServices.Service.DTO.Main",
            "AlternativeDisplayChannels": "",
            "BaseCatalogName": "cad9fdf5-dc9e-4acb-9c9b-570929012515",
            "Description": "Kayın mantarı, porçini mantar, kültür mantarı, demi-glace sos, sebze sote, pilav, baby patates",
            "DisplayName": "Üç Mantarlı Bonfile",
            "ExtendedPrice": "18,50",
            "HasPromotion": false,
            "ImagePath": "...",
            "IsSellAlone": true,
            "IsTakeAwayOnly": "False",
            "ListPrice": "18,50",
            "ProductGroup": "Et Yemeği",
            "ProductId": "5caf9302-7925-4555-bbde-dbee490ec362",
            "ProductIsOpen": "Acik",
            "ShowOnlyInThisApplication": ""
          }
        ]
      },
      {
        "__type": "RestaurantMenu:#YS.WebServices.Service.DTO.Main",
        "CategoryDisplayName": "Günlük Yardımcı Yemekler",
        "CategoryName": "e6caad61-8048-4997-9152-252a54df65d9",
        "Description": "...",
        "DisplayName": "Günlük Yardımcı Yemekler",
        "ExtendedPrice": 0,
        "IsOpen": "True",
        "IsTopSoldMenu": false,
        "Oid": 1594378,
        "Price": -1,
        "Products": [
          {
            "__type": "Product:#YS.WebServices.Service.DTO.Main",
            "AlternativeDisplayChannels": "",
            "BaseCatalogName": "",
            "Description": "...",
            "DisplayName": "Bulgur Pilavı",
            "ExtendedPrice": "3,50",
            "HasPromotion": false,
            "ImagePath": "...",
            "IsSellAlone": true,
            "IsTakeAwayOnly": "False",
            "ListPrice": "3,50",
            "ProductGroup": "Pilav",
            "ProductId": "71ca6f9d-9e25-4a89-8d1e-d1dda7fb58b0",
            "ProductIsOpen": "Acik",
            "ShowOnlyInThisApplication": ""
          },
          {
            "__type": "Product:#YS.WebServices.Service.DTO.Main",
            "AlternativeDisplayChannels": "",
            "BaseCatalogName": "20d1bcd4-0a76-49b2-a9fc-981f52f332ed",
            "Description": "...",
            "DisplayName": "Cacık",
            "ExtendedPrice": "3,00",
            "HasPromotion": false,
            "ImagePath": "...",
            "IsSellAlone": true,
            "IsTakeAwayOnly": "False",
            "ListPrice": "3,00",
            "ProductGroup": "Meze",
            "ProductId": "0f39abd0-c4b2-4771-b553-5db43609a174",
            "ProductIsOpen": "Acik",
            "ShowOnlyInThisApplication": ""
          },
          {
            "__type": "Product:#YS.WebServices.Service.DTO.Main",
            "AlternativeDisplayChannels": "",
            "BaseCatalogName": "20d1bcd4-0a76-49b2-a9fc-981f52f332ed",
            "Description": "...",
            "DisplayName": "Domatesli Makarna",
            "ExtendedPrice": "5,00",
            "HasPromotion": false,
            "ImagePath": "...",
            "IsSellAlone": true,
            "IsTakeAwayOnly": "False",
            "ListPrice": "5,00",
            "ProductGroup": "Makarna",
            "ProductId": "eaaad977-48cf-4be2-b072-bbea758181f8",
            "ProductIsOpen": "Acik",
            "ShowOnlyInThisApplication": ""
          },
          {
            "__type": "Product:#YS.WebServices.Service.DTO.Main",
            "AlternativeDisplayChannels": "",
            "BaseCatalogName": "20d1bcd4-0a76-49b2-a9fc-981f52f332ed",
            "Description": "...",
            "DisplayName": "Kıymalı Makarna",
            "ExtendedPrice": "5,00",
            "HasPromotion": false,
            "ImagePath": "...",
            "IsSellAlone": true,
            "IsTakeAwayOnly": "False",
            "ListPrice": "5,00",
            "ProductGroup": "Makarna",
            "ProductId": "7fe057e3-ca65-4210-9bf0-1158a6cc404b",
            "ProductIsOpen": "Acik",
            "ShowOnlyInThisApplication": ""
          },
          {
            "__type": "Product:#YS.WebServices.Service.DTO.Main",
            "AlternativeDisplayChannels": "",
            "BaseCatalogName": "20d1bcd4-0a76-49b2-a9fc-981f52f332ed",
            "Description": "...",
            "DisplayName": "Mantarlı Makarna",
            "ExtendedPrice": "5,00",
            "HasPromotion": false,
            "ImagePath": "...",
            "IsSellAlone": true,
            "IsTakeAwayOnly": "False",
            "ListPrice": "5,00",
            "ProductGroup": "Makarna",
            "ProductId": "f7d0b381-9e9c-4bab-a27a-e07a254fd548",
            "ProductIsOpen": "Acik",
            "ShowOnlyInThisApplication": ""
          },
          {
            "__type": "Product:#YS.WebServices.Service.DTO.Main",
            "AlternativeDisplayChannels": "",
            "BaseCatalogName": "",
            "Description": "...",
            "DisplayName": "Mevsim Salatası",
            "ExtendedPrice": "3,00",
            "HasPromotion": false,
            "ImagePath": "...",
            "IsSellAlone": true,
            "IsTakeAwayOnly": "False",
            "ListPrice": "3,00",
            "ProductGroup": "Pilav",
            "ProductId": "d550c266-d428-4d49-9f92-ea05d3f6b10f",
            "ProductIsOpen": "Acik",
            "ShowOnlyInThisApplication": ""
          },
          {
            "__type": "Product:#YS.WebServices.Service.DTO.Main",
            "AlternativeDisplayChannels": "",
            "BaseCatalogName": "20d1bcd4-0a76-49b2-a9fc-981f52f332ed",
            "Description": "...",
            "DisplayName": "Peynirli Makarna",
            "ExtendedPrice": "5,00",
            "HasPromotion": false,
            "ImagePath": "...",
            "IsSellAlone": true,
            "IsTakeAwayOnly": "False",
            "ListPrice": "5,00",
            "ProductGroup": "Makarna",
            "ProductId": "4925754b-e5ef-46f6-a2b2-1c254d80c499",
            "ProductIsOpen": "Acik",
            "ShowOnlyInThisApplication": ""
          },
          {
            "__type": "Product:#YS.WebServices.Service.DTO.Main",
            "AlternativeDisplayChannels": "",
            "BaseCatalogName": "",
            "Description": "...",
            "DisplayName": "Pirinç Pilavı",
            "ExtendedPrice": "3,50",
            "HasPromotion": false,
            "ImagePath": "...",
            "IsSellAlone": true,
            "IsTakeAwayOnly": "False",
            "ListPrice": "3,50",
            "ProductGroup": "Pilav",
            "ProductId": "9410a85d-4eec-4cae-850e-b6b9ec374fa5",
            "ProductIsOpen": "Acik",
            "ShowOnlyInThisApplication": ""
          },
          {
            "__type": "Product:#YS.WebServices.Service.DTO.Main",
            "AlternativeDisplayChannels": "",
            "BaseCatalogName": "20d1bcd4-0a76-49b2-a9fc-981f52f332ed",
            "Description": "...",
            "DisplayName": "Sigara Böreği",
            "ExtendedPrice": "4,00",
            "HasPromotion": false,
            "ImagePath": "...",
            "IsSellAlone": true,
            "IsTakeAwayOnly": "False",
            "ListPrice": "4,00",
            "ProductGroup": "Börek",
            "ProductId": "4994220e-4713-49ac-b452-3353afa43c39",
            "ProductIsOpen": "Acik",
            "ShowOnlyInThisApplication": ""
          },
          {
            "__type": "Product:#YS.WebServices.Service.DTO.Main",
            "AlternativeDisplayChannels": "",
            "BaseCatalogName": "20d1bcd4-0a76-49b2-a9fc-981f52f332ed",
            "Description": "...",
            "DisplayName": "Yoğurt",
            "ExtendedPrice": "3,00",
            "HasPromotion": false,
            "ImagePath": "...",
            "IsSellAlone": true,
            "IsTakeAwayOnly": "False",
            "ListPrice": "3,00",
            "ProductGroup": "Meze",
            "ProductId": "d549ff67-c291-4f31-bafe-cf79cdd6b1df",
            "ProductIsOpen": "Acik",
            "ShowOnlyInThisApplication": ""
          }
        ]
      },
      {
        "__type": "RestaurantMenu:#YS.WebServices.Service.DTO.Main",
        "CategoryDisplayName": "Günlük Zeytinyağılar",
        "CategoryName": "def61c67-95ef-4a11-ace1-58bf58eeeacd",
        "Description": "...",
        "DisplayName": "Günlük Zeytinyağılar",
        "ExtendedPrice": 0,
        "IsOpen": "True",
        "IsTopSoldMenu": false,
        "Oid": 1594379,
        "Price": -1,
        "Products": [
          {
            "__type": "Product:#YS.WebServices.Service.DTO.Main",
            "AlternativeDisplayChannels": "",
            "BaseCatalogName": "cad9fdf5-dc9e-4acb-9c9b-570929012515",
            "Description": "...",
            "DisplayName": "Kereviz",
            "ExtendedPrice": "6,00",
            "HasPromotion": false,
            "ImagePath": "...",
            "IsSellAlone": true,
            "IsTakeAwayOnly": "False",
            "ListPrice": "6,00",
            "ProductGroup": "Zeytinyağlı",
            "ProductId": "ad174e0b-184a-4806-a8a5-fdc69aa3ed41",
            "ProductIsOpen": "Kapali",
            "ShowOnlyInThisApplication": ""
          }
        ]
      },
      {
        "__type": "RestaurantMenu:#YS.WebServices.Service.DTO.Main",
        "CategoryDisplayName": "Tatlılar",
        "CategoryName": "e710e731-63ea-4fdb-92ff-970bcbd57bd7",
        "Description": "...",
        "DisplayName": "Tatlılar",
        "ExtendedPrice": 0,
        "IsOpen": "True",
        "IsTopSoldMenu": false,
        "Oid": 1594380,
        "Price": -1,
        "Products": [
          {
            "__type": "Product:#YS.WebServices.Service.DTO.Main",
            "AlternativeDisplayChannels": "",
            "BaseCatalogName": "20d1bcd4-0a76-49b2-a9fc-981f52f332ed",
            "Description": "...",
            "DisplayName": "Kazandibi",
            "ExtendedPrice": "5,00",
            "HasPromotion": false,
            "ImagePath": "...",
            "IsSellAlone": true,
            "IsTakeAwayOnly": "False",
            "ListPrice": "5,00",
            "ProductGroup": "Tatlı",
            "ProductId": "90ba445d-b56a-4fa2-8662-572a04d70274",
            "ProductIsOpen": "Acik",
            "ShowOnlyInThisApplication": ""
          },
          {
            "__type": "Product:#YS.WebServices.Service.DTO.Main",
            "AlternativeDisplayChannels": "",
            "BaseCatalogName": "20d1bcd4-0a76-49b2-a9fc-981f52f332ed",
            "Description": "...",
            "DisplayName": "Şarlot",
            "ExtendedPrice": "7,00",
            "HasPromotion": false,
            "ImagePath": "...",
            "IsSellAlone": true,
            "IsTakeAwayOnly": "False",
            "ListPrice": "7,00",
            "ProductGroup": "Tatlı",
            "ProductId": "7334d0ac-a30f-4a05-a3a4-948fde46c178",
            "ProductIsOpen": "Acik",
            "ShowOnlyInThisApplication": ""
          },
          {
            "__type": "Product:#YS.WebServices.Service.DTO.Main",
            "AlternativeDisplayChannels": "",
            "BaseCatalogName": "cad9fdf5-dc9e-4acb-9c9b-570929012515",
            "Description": "...",
            "DisplayName": "İrmik Helvası",
            "ExtendedPrice": "5,00",
            "HasPromotion": false,
            "ImagePath": "...",
            "IsSellAlone": true,
            "IsTakeAwayOnly": "False",
            "ListPrice": "5,00",
            "ProductGroup": "Tatlı",
            "ProductId": "011a346b-858f-47b6-b9af-25ec6840fded",
            "ProductIsOpen": "Acik",
            "ShowOnlyInThisApplication": ""
          }
        ]
      },
      {
        "__type": "RestaurantMenu:#YS.WebServices.Service.DTO.Main",
        "CategoryDisplayName": "İçecekler",
        "CategoryName": "90e74282-c5cf-4113-9706-44ee8fc62eef",
        "Description": "...",
        "DisplayName": "İçecekler",
        "ExtendedPrice": 0,
        "IsOpen": "True",
        "IsTopSoldMenu": false,
        "Oid": 1594381,
        "Price": -1,
        "Products": [
          {
            "__type": "Product:#YS.WebServices.Service.DTO.Main",
            "AlternativeDisplayChannels": "",
            "BaseCatalogName": "",
            "Description": "...",
            "DisplayName": "Coca-Cola (33 cl.)",
            "ExtendedPrice": "3,00",
            "HasPromotion": true,
            "ImagePath": "...",
            "IsSellAlone": true,
            "IsTakeAwayOnly": "False",
            "LabelImageName": "cocacola_33.png",
            "ListPrice": "3,00",
            "ProductGroup": "Icecek",
            "ProductId": "724db3bb-7123-4b0b-a9fc-d7120659cabb",
            "ProductIsOpen": "Acik",
            "ShowOnlyInThisApplication": ""
          },
          {
            "__type": "Product:#YS.WebServices.Service.DTO.Main",
            "AlternativeDisplayChannels": "",
            "BaseCatalogName": "",
            "Description": "...",
            "DisplayName": "Coca-Cola Light (33 cl.)",
            "ExtendedPrice": "3,00",
            "HasPromotion": false,
            "ImagePath": "...",
            "IsSellAlone": true,
            "IsTakeAwayOnly": "False",
            "ListPrice": "3,00",
            "ProductGroup": "Icecek",
            "ProductId": "12821234-2fef-43e4-8c75-59124d1021b7",
            "ProductIsOpen": "Acik",
            "ShowOnlyInThisApplication": ""
          },
          {
            "__type": "Product:#YS.WebServices.Service.DTO.Main",
            "AlternativeDisplayChannels": "",
            "BaseCatalogName": "",
            "Description": "...",
            "DisplayName": "Coca-Cola Zero (33 cl.)",
            "ExtendedPrice": "3,00",
            "HasPromotion": true,
            "ImagePath": "...",
            "IsSellAlone": true,
            "IsTakeAwayOnly": "False",
            "LabelImageName": "zero_33.png",
            "ListPrice": "3,00",
            "ProductGroup": "Icecek",
            "ProductId": "5049dccc-3186-4885-9d8d-8e56c4dec03f",
            "ProductIsOpen": "Acik",
            "ShowOnlyInThisApplication": ""
          },
          {
            "__type": "Product:#YS.WebServices.Service.DTO.Main",
            "AlternativeDisplayChannels": "",
            "BaseCatalogName": "",
            "Description": "...",
            "DisplayName": "Fanta (33 cl.)",
            "ExtendedPrice": "3,00",
            "HasPromotion": false,
            "ImagePath": "...",
            "IsSellAlone": true,
            "IsTakeAwayOnly": "False",
            "ListPrice": "3,00",
            "ProductGroup": "Icecek",
            "ProductId": "96c784da-cacc-44d8-b6cf-b80669e38b04",
            "ProductIsOpen": "Acik",
            "ShowOnlyInThisApplication": ""
          },
          {
            "__type": "Product:#YS.WebServices.Service.DTO.Main",
            "AlternativeDisplayChannels": "",
            "BaseCatalogName": "",
            "Description": "...",
            "DisplayName": "Sprite (33 cl.)",
            "ExtendedPrice": "3,00",
            "HasPromotion": false,
            "ImagePath": "...",
            "IsSellAlone": true,
            "IsTakeAwayOnly": "False",
            "ListPrice": "3,00",
            "ProductGroup": "Icecek",
            "ProductId": "f95daab3-ef37-4051-8f22-aef1083b9b8c",
            "ProductIsOpen": "Acik",
            "ShowOnlyInThisApplication": ""
          },
          {
            "__type": "Product:#YS.WebServices.Service.DTO.Main",
            "AlternativeDisplayChannels": "",
            "BaseCatalogName": "",
            "Description": "...",
            "DisplayName": "Cappy (33 cl.)",
            "ExtendedPrice": "3,00",
            "HasPromotion": false,
            "ImagePath": "...",
            "IsSellAlone": true,
            "IsTakeAwayOnly": "False",
            "ListPrice": "3,00",
            "ProductGroup": "Icecek",
            "ProductId": "6c05b44b-3ce8-4c75-8811-705effde2f9e",
            "ProductIsOpen": "Acik",
            "ShowOnlyInThisApplication": ""
          },
          {
            "__type": "Product:#YS.WebServices.Service.DTO.Main",
            "AlternativeDisplayChannels": "",
            "BaseCatalogName": "",
            "Description": "...",
            "DisplayName": "Lipton Ice Tea (33 cl.)",
            "ExtendedPrice": "3,00",
            "HasPromotion": false,
            "ImagePath": "...",
            "IsSellAlone": true,
            "IsTakeAwayOnly": "False",
            "ListPrice": "3,00",
            "ProductGroup": "Icecek",
            "ProductId": "a4e54338-89e6-440e-b882-da7258e32935",
            "ProductIsOpen": "Acik",
            "ShowOnlyInThisApplication": ""
          },
          {
            "__type": "Product:#YS.WebServices.Service.DTO.Main",
            "AlternativeDisplayChannels": "",
            "BaseCatalogName": "",
            "Description": "...",
            "DisplayName": "Ayran (30 cl.)",
            "ExtendedPrice": "1,50",
            "HasPromotion": false,
            "ImagePath": "...",
            "IsSellAlone": true,
            "IsTakeAwayOnly": "False",
            "ListPrice": "1,50",
            "ProductGroup": "Icecek",
            "ProductId": "29950056-1dfd-4e36-96ee-a284fe9bdb53",
            "ProductIsOpen": "Acik",
            "ShowOnlyInThisApplication": ""
          },
          {
            "__type": "Product:#YS.WebServices.Service.DTO.Main",
            "AlternativeDisplayChannels": "",
            "BaseCatalogName": "",
            "Description": "...",
            "DisplayName": "Meyveli Soda",
            "ExtendedPrice": "1,50",
            "HasPromotion": false,
            "ImagePath": "...",
            "IsSellAlone": true,
            "IsTakeAwayOnly": "False",
            "ListPrice": "1,50",
            "ProductGroup": "Icecek",
            "ProductId": "3e768d20-4676-407f-a4f6-fa9919e78736",
            "ProductIsOpen": "Acik",
            "ShowOnlyInThisApplication": ""
          },
          {
            "__type": "Product:#YS.WebServices.Service.DTO.Main",
            "AlternativeDisplayChannels": "",
            "BaseCatalogName": "",
            "Description": "...",
            "DisplayName": "Soda",
            "ExtendedPrice": "1,00",
            "HasPromotion": false,
            "ImagePath": "...",
            "IsSellAlone": true,
            "IsTakeAwayOnly": "False",
            "ListPrice": "1,00",
            "ProductGroup": "Icecek",
            "ProductId": "fc4265a3-6b3f-40e2-8e9b-9e009102775c",
            "ProductIsOpen": "Acik",
            "ShowOnlyInThisApplication": ""
          },
          {
            "__type": "Product:#YS.WebServices.Service.DTO.Main",
            "AlternativeDisplayChannels": "",
            "BaseCatalogName": "",
            "Description": "...",
            "DisplayName": "Su",
            "ExtendedPrice": "1,00",
            "HasPromotion": false,
            "ImagePath": "...",
            "IsSellAlone": true,
            "IsTakeAwayOnly": "False",
            "ListPrice": "1,00",
            "ProductGroup": "Icecek",
            "ProductId": "67738d6a-522d-4563-94ce-c2e5723daa28",
            "ProductIsOpen": "Acik",
            "ShowOnlyInThisApplication": ""
          }
        ]
      }
    ]
  }
}