{
  "d": {
    "__type": "ResultOfRestaurantMainInfoFak_P0sVK:#YS.WebServices.Utility.Common",
    "ErrorCode": 200,
    "ErrorType": 1,
    "FriendlyNotification": "İşlem başarılı.",
    "Notification": "",
    "Success": true,
    "TotalPageCount": 1,
    "TotalRowCount": 1,
    "YsVersion": "YEMEKSEPETI",
    "ResultSet": {
      "__type": "RestaurantMainInfo:#YS.WebServices.Service.DTO.Main",
      "AddressText": "Nispetiye Cad. No:57 Hisarüstü ",
      "CatalogName": "TR_ISTANBUL",
      "CategoryName": "f6c1a35c-403f-4f8b-a748-31186f15faa3",
      "CloseMessage": null,
      "ClosedByParent": false,
      "DefinitionName": "Restaurant",
      "DeliveryAreas": [
        {
          "__type": "RestaurantArea:#YS.WebServices.Service.DTO.Sub",
          "AreaId": "1cf0b803-9582-4789-898e-07b2477c1201",
          "AreaName": "Boğaziçi Üniversitesi - Hisar Kampüsü",
          "AreaType": "Campus",
          "DeliveryFee": 0,
          "DeliveryTime": 30,
          "IsSelectedArea": false,
          "MinimumPrice": 10
        },
        {
          "__type": "RestaurantArea:#YS.WebServices.Service.DTO.Sub",
          "AreaId": "3e035f69-b22b-4e8b-9e5f-49c7e283217e",
          "AreaName": "Hisarüstü",
          "AreaType": "Area",
          "DeliveryFee": 0,
          "DeliveryTime": 30,
          "IsSelectedArea": false,
          "MinimumPrice": 10
        },
        {
          "__type": "RestaurantArea:#YS.WebServices.Service.DTO.Sub",
          "AreaId": "22032741-96f1-4650-b075-cbfc45a0f22f",
          "AreaName": "Boğaziçi Üniversitesi - Uçaksavar Kampüsü",
          "AreaType": "Campus",
          "DeliveryFee": 0,
          "DeliveryTime": 30,
          "IsSelectedArea": false,
          "MinimumPrice": 10
        },
        {
          "__type": "RestaurantArea:#YS.WebServices.Service.DTO.Sub",
          "AreaId": "7e7eff4f-a28f-4b8a-a86c-a6ff3c2af148",
          "AreaName": "Boğaziçi Üniversitesi - Kuzey Kampüs ",
          "AreaType": "Campus",
          "DeliveryFee": 0,
          "DeliveryTime": 30,
          "IsSelectedArea": false,
          "MinimumPrice": 10
        },
        {
          "__type": "RestaurantArea:#YS.WebServices.Service.DTO.Sub",
          "AreaId": "32b6fe60-705b-4e98-be34-74738fed1252",
          "AreaName": "Etiler",
          "AreaType": "Area",
          "DeliveryFee": 0,
          "DeliveryTime": 30,
          "IsSelectedArea": false,
          "MinimumPrice": 14
        },
        {
          "__type": "RestaurantArea:#YS.WebServices.Service.DTO.Sub",
          "AreaId": "f36b4f20-5320-45ce-954c-7524edae4803",
          "AreaName": "Etiler (FSM Mah.)",
          "AreaType": "Area",
          "DeliveryFee": 0,
          "DeliveryTime": 30,
          "IsSelectedArea": false,
          "MinimumPrice": 14
        },
        {
          "__type": "RestaurantArea:#YS.WebServices.Service.DTO.Sub",
          "AreaId": "d22d03c1-e2ee-4313-993b-97a2b4d5b44c",
          "AreaName": "Boğaziçi Üniversitesi - Güney Kampüs ",
          "AreaType": "Campus",
          "DeliveryFee": 0,
          "DeliveryTime": 30,
          "IsSelectedArea": false,
          "MinimumPrice": 15
        },
        {
          "__type": "RestaurantArea:#YS.WebServices.Service.DTO.Sub",
          "AreaId": "d10b0d32-b711-4573-bef2-8fd68feb70de",
          "AreaName": "Bebek",
          "AreaType": "Area",
          "DeliveryFee": 0,
          "DeliveryTime": 30,
          "IsSelectedArea": false,
          "MinimumPrice": 15
        },
        {
          "__type": "RestaurantArea:#YS.WebServices.Service.DTO.Sub",
          "AreaId": "8be0b051-a432-4afb-844b-40a9f35febeb",
          "AreaName": "Rumelihisarı",
          "AreaType": "Area",
          "DeliveryFee": 0,
          "DeliveryTime": 30,
          "IsSelectedArea": false,
          "MinimumPrice": 15
        },
        {
          "__type": "RestaurantArea:#YS.WebServices.Service.DTO.Sub",
          "AreaId": "fffb6cba-49b8-4f0b-b34f-0043f4418aa9",
          "AreaName": "Akatlar",
          "AreaType": "Area",
          "DeliveryFee": 0,
          "DeliveryTime": 30,
          "IsSelectedArea": false,
          "MinimumPrice": 20
        },
        {
          "__type": "RestaurantArea:#YS.WebServices.Service.DTO.Sub",
          "AreaId": "bd8459fb-a786-4ab4-8c16-e1a2a3cdf4d2",
          "AreaName": "Ulus",
          "AreaType": "Area",
          "DeliveryFee": 0,
          "DeliveryTime": 30,
          "IsSelectedArea": false,
          "MinimumPrice": 25
        },
        {
          "__type": "RestaurantArea:#YS.WebServices.Service.DTO.Sub",
          "AreaId": "a860147e-ad4f-44c6-bd00-69ab45d94085",
          "AreaName": "Baltalimanı",
          "AreaType": "Area",
          "DeliveryFee": 0,
          "DeliveryTime": 30,
          "IsSelectedArea": false,
          "MinimumPrice": 25
        }
      ],
      "DeliveryFee": 0,
      "DeliveryTime": 30,
      "Discounts": [
        {
          "__type": "RestaurantDiscount:#YS.WebServices.Service.DTO.Sub",
          "IsCampusPromotion": true,
          "Name": "Sadece yemeksepeti.com'da kampüslerden verilen siparişlerde tüm ürünler %10 indirimli!"
        },
        {
          "__type": "RestaurantDiscount:#YS.WebServices.Service.DTO.Sub",
          "Name": "Sadece yemeksepeti.com'da 'Seçilmiş Menü (Kebap)' 23 TL yerine 20 TL!"
        }
      ],
      "DisplayName": "Yenice Cafe & Ev Yemekleri, Hisarüstü",
      "FacebookLikeUrl": "http://social.yemeksepeti.com/11280/lr.ys",
      "FacebookShareUrl": "http://social.yemeksepeti.com/11280/lr.ys",
      "FavoriteRestaurantId": null,
      "Flavour": 8,
      "ImagePath": "/CategoryImages/TR_ISTANBUL/yenice_cafe_evyemekleri.gif",
      "IsAvailableForOrder": true,
      "IsFavorited": false,
      "IsOpen": false,
      "LongTermOrderQuota": 1000,
      "LongTermOrderStatus": "Supports",
      "LongTermOrderTimeLimit": 2,
      "Oid": 1594373,
      "PaymentMethods": [
        {
          "__type": "RestaurantPaymentMethod:#YS.WebServices.Service.DTO.Sub",
          "GroupId": "3f22a977-6fe7-46a8-9364-cf2329104862",
          "PaymentMethodId": "aa04b6ac-2344-4409-8e0b-4dd40de6f460",
          "PaymentMethodName": "Online Kredi Kartı (İnternetten kredi kartınızla ödeyin, zaman kazanın)",
          "PaymentType": 0,
          "isFastPay": false,
          "isOCC": true
        },
        {
          "__type": "RestaurantPaymentMethod:#YS.WebServices.Service.DTO.Sub",
          "GroupId": "41f5d1ea-a223-4b67-b5eb-91aa0a0cb666",
          "PaymentMethodId": "b93e2cf9-5d58-494e-b69a-3a7882f4e747",
          "PaymentMethodName": "Nakit (nakit ödeme)",
          "PaymentType": 0,
          "isFastPay": false,
          "isOCC": false
        },
        {
          "__type": "RestaurantPaymentMethod:#YS.WebServices.Service.DTO.Sub",
          "GroupId": "1ec07b64-790b-4fe0-9d16-61e1ffaf66bd",
          "PaymentMethodId": "5e51355e-f201-49e2-bed6-fd614cd7f146",
          "PaymentMethodName": "Kredi Kartı (sipariş tesliminde kredi kartı / banka kartı ile ödeme)",
          "PaymentType": 0,
          "isFastPay": false,
          "isOCC": false
        },
        {
          "__type": "RestaurantPaymentMethod:#YS.WebServices.Service.DTO.Sub",
          "GroupId": "902efb45-71b9-43ce-a492-674e0eef726b",
          "PaymentMethodId": "216cbea7-6f19-4ec4-954e-b6330b91729c",
          "PaymentMethodName": "fastPay (Kart bilgilerini girmeden öde, %20’sini geri al!)",
          "PaymentType": 0,
          "isFastPay": true,
          "isOCC": false
        },
        {
          "__type": "RestaurantPaymentMethod:#YS.WebServices.Service.DTO.Sub",
          "GroupId": "bceec521-2618-43f2-9bd6-b7cb5bb75e19",
          "PaymentMethodId": "b7d2efcf-4fee-481d-a63c-85930708d44a",
          "PaymentMethodName": "Ticket Restaurant Yemek Kartı (Ticket kartı ile ödeme)",
          "PaymentType": 0,
          "isFastPay": false,
          "isOCC": false
        },
        {
          "__type": "RestaurantPaymentMethod:#YS.WebServices.Service.DTO.Sub",
          "GroupId": "61dfb1d2-12a2-4c73-83b5-e8eed43a0de9",
          "PaymentMethodId": "4019bebb-95f0-4f55-8ab4-97cf2b0c48f3",
          "PaymentMethodName": "Ticket Restaurant Yemek Çeki (POS cihazı getirilmez. Basılı Ticket yemek çeki ile ödeme)",
          "PaymentType": 0,
          "isFastPay": false,
          "isOCC": false
        },
        {
          "__type": "RestaurantPaymentMethod:#YS.WebServices.Service.DTO.Sub",
          "GroupId": "abf057f3-1ce5-47fc-bcc8-54ab2d9fc50f",
          "PaymentMethodId": "06b7d115-b1d8-4dad-83e4-30c453ba2cf5",
          "PaymentMethodName": "Sodexo Yemek Kartı (Sodexo kartı ile ödeme)",
          "PaymentType": 0,
          "isFastPay": false,
          "isOCC": false
        },
        {
          "__type": "RestaurantPaymentMethod:#YS.WebServices.Service.DTO.Sub",
          "GroupId": "140e9c2a-e802-434c-af60-1d309d7d5e46",
          "PaymentMethodId": "41764396-ec46-4977-ab24-9110f44e0241",
          "PaymentMethodName": "Sodexo Yemek Çeki (Basılı Sodexo yemek çeki ile ödeme)",
          "PaymentType": 0,
          "isFastPay": false,
          "isOCC": false
        }
      ],
      "PrimaryParentCategory": "",
      "RestaurantArea": "3e035f69-b22b-4e8b-9e5f-49c7e283217e",
      "RestaurantDiscountImages": [
        "http://images.yemeksepeti.com/Labels/Promotion/kampus_indirim10.gif",
        "http://images.yemeksepeti.com/Labels/Promotion/genelpromosyon.gif",
        "http://images.yemeksepeti.com/Labels/Restaurant/vodafone_icon.gif"
      ],
      "RestaurantSubState": "",
      "ResturantCuisines": [
        {
          "__type": "RestaurantCuisines:#YS.WebServices.Service.DTO.Sub",
          "GroupId": "3cccafeb-245e-4b2a-82be-3a0f1b3a39b6",
          "ImagePath": "Cafe.jpg",
          "IsChainCuisine": false,
          "Name": "Cafe",
          "Slug": ""
        },
        {
          "__type": "RestaurantCuisines:#YS.WebServices.Service.DTO.Sub",
          "GroupId": "b5ceacf5-9724-4751-a600-78d35cfcf72b",
          "ImagePath": "EvYemekleri.jpg",
          "IsChainCuisine": false,
          "IsMainCuisine": true,
          "Name": "Ev Yemekleri",
          "Slug": ""
        }
      ],
      "Serving": 8,
      "Slug": "",
      "Speed": 8,
      "SupportTakeAway": false,
      "SupportsDelivery": true,
      "TotalPointCount": 35,
      "Warnings": [],
      "WorkingHours": [
        {
          "__type": "RestaurantWorkingHour:#YS.WebServices.Service.DTO.Sub",
          "DayOfWeek": 0,
          "IsToday": false,
          "WorkingHours": [
            "11:30 - 22:00"
          ]
        },
        {
          "__type": "RestaurantWorkingHour:#YS.WebServices.Service.DTO.Sub",
          "DayOfWeek": 1,
          "IsToday": false,
          "WorkingHours": [
            "11:30 - 22:00"
          ]
        },
        {
          "__type": "RestaurantWorkingHour:#YS.WebServices.Service.DTO.Sub",
          "DayOfWeek": 2,
          "IsToday": false,
          "WorkingHours": [
            "11:30 - 22:00"
          ]
        },
        {
          "__type": "RestaurantWorkingHour:#YS.WebServices.Service.DTO.Sub",
          "DayOfWeek": 3,
          "IsToday": true,
          "WorkingHours": [
            "11:30 - 22:00"
          ]
        },
        {
          "__type": "RestaurantWorkingHour:#YS.WebServices.Service.DTO.Sub",
          "DayOfWeek": 4,
          "IsToday": false,
          "WorkingHours": [
            "11:30 - 22:00"
          ]
        },
        {
          "__type": "RestaurantWorkingHour:#YS.WebServices.Service.DTO.Sub",
          "DayOfWeek": 5,
          "IsToday": false,
          "WorkingHours": [
            "11:30 - 22:00"
          ]
        },
        {
          "__type": "RestaurantWorkingHour:#YS.WebServices.Service.DTO.Sub",
          "DayOfWeek": 6,
          "IsToday": false,
          "WorkingHours": [
            "Kapalı."
          ]
        }
      ]
    }
  }
}